position,codon_position,most_common_codon,codon_consensus_percentage,most_common_amino_acid,aa_consensus_percentage,synonymous_variation
1,1,tat,50.0,X,100.0,True
2,4,gta,100.0,X,100.0,False
3,7,ctc,50.0,X,100.0,True
4,10,att,50.0,X,100.0,True
5,13,cgt,50.0,X,100.0,True
6,16,ttc,50.0,X,100.0,True
7,19,gga,50.0,X,100.0,True
8,22,aga,50.0,X,100.0,True
9,25,gac,100.0,X,100.0,False
10,28,agg,100.0,X,100.0,False
11,31,tac,100.0,X,100.0,False
12,34,gtt,66.66666666666666,X,100.0,True
13,37,aat,66.66666666666666,X,100.0,True
14,40,agt,66.66666666666666,X,100.0,True
15,43,taa,66.66666666666666,X,100.0,True
16,46,tag,66.66666666666666,X,100.0,True
17,49,cgt,66.66666666666666,X,100.0,True
18,52,act,100.0,X,100.0,False
19,55,tct,100.0,X,100.0,False
20,58,ttt,100.0,X,100.0,False
21,61,tct,100.0,X,100.0,False
22,64,tgc,100.0,X,100.0,False
23,67,ttt,100.0,X,100.0,False
24,70,cgt,100.0,X,100.0,False
25,73,ggt,100.0,X,100.0,False
26,76,att,66.66666666666666,X,100.0,True
27,79,ctt,66.66666666666666,X,100.0,True
28,82,gct,66.66666666666666,X,100.0,True
29,85,agt,66.66666666666666,X,100.0,True
30,88,tac,66.66666666666666,X,100.0,True
31,91,act,66.66666666666666,X,100.0,True
32,94,agc,66.66666666666666,X,100.0,True
33,97,cat,66.66666666666666,X,100.0,True
34,100,cct,66.66666666666666,X,100.0,True
35,103,tac,66.66666666666666,X,100.0,True
36,106,tgc,66.66666666666666,X,100.0,True
37,109,aca,100.0,X,100.0,False
38,112,att,100.0,X,100.0,False
39,115,ggc,100.0,X,100.0,False
40,118,ttc,66.66666666666666,X,100.0,True
41,121,gat,66.66666666666666,X,100.0,True
42,124,tgt,66.66666666666666,X,100.0,True
43,127,gtg,66.66666666666666,X,100.0,True
44,130,gcg,100.0,X,100.0,False
45,133,gcc,100.0,X,100.0,False
46,136,aac,100.0,X,100.0,False
47,139,ctg,100.0,X,100.0,False
48,142,ttt,100.0,X,100.0,False
49,145,ctg,100.0,X,100.0,False
50,148,agt,100.0,X,100.0,False
51,151,acc,100.0,X,100.0,False
52,154,gta,66.66666666666666,X,100.0,True
53,157,ctg,66.66666666666666,X,100.0,True
54,160,ctg,75.0,X,100.0,True
55,163,caa,75.0,X,100.0,True
56,166,tat,75.0,X,100.0,True
57,169,tgt,75.0,X,100.0,True
58,172,taa,100.0,X,100.0,False
59,175,atc,100.0,X,100.0,False
60,178,tca,100.0,X,100.0,False
61,181,ctg,100.0,X,100.0,False
62,184,acg,75.0,X,100.0,True
63,187,tga,75.0,X,100.0,True
64,190,gtc,50.0,X,100.0,True
65,193,ttg,50.0,X,100.0,True
66,196,taa,75.0,X,100.0,True
67,199,gag,100.0,X,100.0,False
68,202,att,100.0,X,100.0,False
69,205,ttt,100.0,X,100.0,False
70,208,cac,100.0,X,100.0,False
71,211,cca,100.0,X,100.0,False
72,214,ttg,100.0,X,100.0,False
73,217,cct,50.0,X,100.0,True
74,220,tct,75.0,X,100.0,True
75,223,ttt,75.0,X,100.0,True
76,226,tac,75.0,X,100.0,True
77,229,gtt,50.0,X,100.0,True
78,232,tac,75.0,X,100.0,True
79,235,tct,50.0,X,100.0,True
80,238,cgt,75.0,X,100.0,True
81,241,gtt,75.0,X,100.0,True
82,244,aaa,75.0,X,100.0,True
83,247,aat,75.0,X,100.0,True
84,250,ctg,75.0,X,100.0,True
85,253,aat,50.0,X,100.0,True
86,256,tct,75.0,X,100.0,True
87,259,tct,75.0,X,100.0,True
88,262,tgc,100.0,X,100.0,False
89,265,tgc,100.0,X,100.0,False
90,268,aag,50.0,X,100.0,True
91,271,gag,75.0,X,100.0,True
92,274,ttc,75.0,X,100.0,True
93,277,ctg,75.0,X,100.0,True
94,280,atc,75.0,X,100.0,True
95,283,ttc,75.0,X,100.0,True
96,286,tgg,75.0,X,100.0,True
97,289,tct,75.0,X,100.0,True
98,292,aaa,75.0,X,100.0,True
99,295,cga,75.0,X,100.0,True
100,298,act,75.0,X,100.0,True
101,301,act,100.0,X,100.0,False
102,304,gtg,100.0,X,100.0,False
103,307,cta,100.0,X,100.0,False
104,310,aca,100.0,X,100.0,False
105,313,tac,100.0,X,100.0,False
106,316,ata,100.0,X,100.0,False
107,319,gat,100.0,X,100.0,False
108,322,tta,100.0,X,100.0,False
109,325,agc,100.0,X,100.0,False
110,328,ctg,100.0,X,100.0,False
111,331,tgt,100.0,X,100.0,False
112,334,ata,100.0,X,100.0,False
113,337,gag,100.0,X,100.0,False
114,340,tta,100.0,X,100.0,False
115,343,aca,100.0,X,100.0,False
116,346,cgg,100.0,X,100.0,False
117,349,caa,100.0,X,100.0,False
118,352,tcc,100.0,X,100.0,False
119,355,cta,100.0,X,100.0,False
120,358,ata,50.0,X,100.0,True
121,361,tta,100.0,X,100.0,False
122,364,agg,100.0,X,100.0,False
123,367,tta,66.66666666666666,X,100.0,True
124,370,gtt,50.0,X,100.0,True
125,373,ttt,50.0,X,100.0,True
126,376,ctg,75.0,X,100.0,True
127,379,ttt,75.0,X,100.0,True
128,382,gga,75.0,X,100.0,True
129,385,act,75.0,X,100.0,True
130,388,tta,75.0,X,100.0,True
131,391,att,50.0,X,100.0,True
132,394,tta,50.0,X,100.0,True
133,397,gcc,50.0,X,100.0,True
134,400,atg,50.0,X,100.0,True
135,403,gca,50.0,X,100.0,True
136,406,gat,50.0,X,100.0,True
137,409,tcc,100.0,X,100.0,False
138,412,ctt,100.0,X,100.0,False
139,415,tac,100.0,X,100.0,False
140,418,ata,100.0,X,100.0,False
141,421,tgt,100.0,X,100.0,False
142,424,caa,100.0,X,100.0,False
143,427,tct,100.0,X,100.0,False
144,430,cta,100.0,X,100.0,False
145,433,aat,100.0,X,100.0,False
146,436,tgc,100.0,X,100.0,False
147,439,atg,100.0,X,100.0,False
148,442,cac,100.0,X,100.0,False
149,445,tgg,100.0,X,100.0,False
150,448,atg,100.0,X,100.0,False
151,451,atg,100.0,X,100.0,False
152,454,tta,100.0,X,100.0,False
153,457,ctc,100.0,X,100.0,False
154,460,gca,100.0,X,100.0,False
155,463,acg,75.0,X,100.0,True
156,466,gta,75.0,X,100.0,True
157,469,cta,75.0,X,100.0,True
158,472,tta,100.0,X,100.0,False
159,475,ccg,75.0,X,100.0,True
160,478,ttg,75.0,X,100.0,True
161,481,aag,50.0,X,100.0,True
162,484,agc,75.0,X,100.0,True
163,487,tta,100.0,X,100.0,False
164,490,aaa,50.0,X,100.0,True
165,493,agc,50.0,X,100.0,True
166,496,tcc,75.0,X,100.0,True
167,499,ttg,50.0,X,100.0,True
168,502,aac,100.0,X,100.0,False
169,505,aat,100.0,X,100.0,False
170,508,gga,100.0,X,100.0,False
171,511,acc,100.0,X,100.0,False
172,514,tag,100.0,X,100.0,False
173,517,taa,100.0,X,100.0,False
174,520,tag,100.0,X,100.0,False
175,523,gtt,100.0,X,100.0,False
176,526,tcc,75.0,X,100.0,True
177,529,tat,75.0,X,100.0,True
178,532,tcc,100.0,X,100.0,False
179,535,ttt,100.0,X,100.0,False
180,538,ggc,100.0,X,100.0,False
181,541,cat,50.0,X,100.0,True
182,544,gga,75.0,X,100.0,True
183,547,ttt,50.0,X,100.0,True
184,550,gtc,50.0,X,100.0,True
185,553,ttc,50.0,X,100.0,True
186,556,cat,100.0,X,100.0,False
187,559,acg,100.0,X,100.0,False
188,562,gtc,100.0,X,100.0,False
189,565,ttc,100.0,X,100.0,False
190,568,caa,100.0,X,100.0,False
191,571,tca,100.0,X,100.0,False
192,574,ggg,100.0,X,100.0,False
193,577,taa,100.0,X,100.0,False
194,580,taa,100.0,X,100.0,False
195,583,aca,100.0,X,100.0,False
196,586,att,75.0,X,100.0,True
197,589,tgc,75.0,X,100.0,True
198,592,cta,75.0,X,100.0,True
199,595,tgc,50.0,X,100.0,True
200,598,caa,50.0,X,100.0,True
201,601,cag,50.0,X,100.0,True
202,604,gaa,100.0,X,100.0,False
203,607,tag,66.66666666666666,X,100.0,True
204,610,gtt,100.0,X,100.0,False
205,613,ttt,100.0,X,100.0,False
206,616,gta,75.0,X,100.0,True
207,619,tca,100.0,X,100.0,False
208,622,tcc,100.0,X,100.0,False
209,625,agg,100.0,X,100.0,False
210,628,att,100.0,X,100.0,False
211,631,ata,75.0,X,100.0,True
212,634,att,50.0,X,100.0,True
213,637,aag,75.0,X,100.0,True
214,640,tta,50.0,X,100.0,True
215,643,att,50.0,X,100.0,True
216,646,ttc,75.0,X,100.0,True
217,649,ctc,100.0,X,100.0,False
218,652,tgg,75.0,X,100.0,True
219,655,ctg,50.0,X,100.0,True
220,658,tta,50.0,X,100.0,True
221,661,tgg,75.0,X,100.0,True
222,664,cca,75.0,X,100.0,True
223,667,gta,75.0,X,100.0,True
224,670,act,50.0,X,100.0,True
225,673,tta,50.0,X,100.0,True
226,676,gct,100.0,X,100.0,False
227,679,tgt,75.0,X,100.0,True
228,682,ttt,75.0,X,100.0,True
229,685,agt,100.0,X,100.0,False
230,688,gct,75.0,X,100.0,True
231,691,tgc,75.0,X,100.0,True
232,694,tgc,100.0,X,100.0,False
233,697,tgt,75.0,X,100.0,True
234,700,tta,50.0,X,100.0,True
235,703,cag,75.0,X,100.0,True
236,706,aat,75.0,X,100.0,True
237,709,aaa,50.0,X,100.0,True
238,712,ttg,100.0,X,100.0,False
239,715,gat,50.0,X,100.0,True
240,718,cac,50.0,X,100.0,True
241,721,cgg,50.0,X,100.0,True
242,724,tgg,50.0,X,100.0,True
243,727,aat,50.0,X,100.0,True
244,730,tgc,75.0,X,100.0,True
245,733,tat,25.0,X,100.0,True
246,736,cgc,50.0,X,100.0,True
247,739,aat,75.0,X,100.0,True
248,742,ggc,75.0,X,100.0,True
249,745,ttg,75.0,X,100.0,True
250,748,tct,50.0,X,100.0,True
251,751,tgt,75.0,X,100.0,True
252,754,agg,75.0,X,100.0,True
253,757,ctt,100.0,X,100.0,False
254,760,gat,100.0,X,100.0,False
255,763,gtg,100.0,X,100.0,False
256,766,gct,75.0,X,100.0,True
257,769,cag,50.0,X,100.0,True
258,772,cta,75.0,X,100.0,True
259,775,ctt,100.0,X,100.0,False
260,778,cat,66.66666666666666,X,100.0,True
261,781,tgc,100.0,X,100.0,False
262,784,ttc,100.0,X,100.0,False
263,787,ttt,66.66666666666666,X,100.0,True
264,790,cag,100.0,X,100.0,False
265,793,act,50.0,X,100.0,True
266,796,gtt,75.0,X,100.0,True
267,799,tgc,75.0,X,100.0,True
268,802,gcg,50.0,X,100.0,True
269,805,tgt,100.0,X,100.0,False
270,808,ctc,100.0,X,100.0,False
271,811,acg,50.0,X,100.0,True
272,814,cgt,50.0,X,100.0,True
273,817,tcc,50.0,X,100.0,True
274,820,atg,75.0,X,100.0,True
275,823,tgg,75.0,X,100.0,True
276,826,tca,75.0,X,100.0,True
277,829,ttc,50.0,X,100.0,True
278,832,aat,50.0,X,100.0,True
279,835,cca,75.0,X,100.0,True
280,838,gaa,75.0,X,100.0,True
281,841,act,75.0,X,100.0,True
282,844,tgt,100.0,X,100.0,False
283,847,cgt,100.0,X,100.0,False
284,850,cgc,100.0,X,100.0,False
285,853,aac,75.0,X,100.0,True
286,856,att,100.0,X,100.0,False
287,859,ctt,75.0,X,100.0,True
288,862,ctc,75.0,X,100.0,True
289,865,aac,50.0,X,100.0,True
290,868,gtg,75.0,X,100.0,True
291,871,cca,50.0,X,100.0,True
292,874,ctc,100.0,X,100.0,False
293,877,cat,50.0,X,100.0,True
294,880,ggc,50.0,X,100.0,True
295,883,act,50.0,X,100.0,True
296,886,att,75.0,X,100.0,True
297,889,ctg,75.0,X,100.0,True
298,892,acc,75.0,X,100.0,True
299,895,aga,75.0,X,100.0,True
300,898,ccg,75.0,X,100.0,True
301,901,ctt,50.0,X,100.0,True
302,904,cta,50.0,X,100.0,True
303,907,gaa,75.0,X,100.0,True
304,910,agt,75.0,X,100.0,True
305,913,gaa,75.0,X,100.0,True
306,916,ctc,50.0,X,100.0,True
307,919,gta,50.0,X,100.0,True
308,922,atc,50.0,X,100.0,True
309,925,gga,50.0,X,100.0,True
310,928,gta,100.0,X,100.0,False
311,931,cat,100.0,X,100.0,False
312,934,tat,100.0,X,100.0,False
313,937,cca,100.0,X,100.0,False
314,940,act,100.0,X,100.0,False
315,943,gga,100.0,X,100.0,False
316,946,agt,100.0,X,100.0,False
317,949,tgc,100.0,X,100.0,False
318,952,ctg,100.0,X,100.0,False
319,955,tga,75.0,X,100.0,True
320,958,tcc,50.0,X,100.0,True
321,961,ttc,100.0,X,100.0,False
322,964,gtg,75.0,X,100.0,True
323,967,gac,50.0,X,100.0,True
324,970,atc,75.0,X,100.0,True
325,973,ttc,50.0,X,100.0,True
326,976,gta,50.0,X,100.0,True
327,979,ttg,50.0,X,100.0,True
328,982,ctg,66.66666666666666,X,100.0,True
329,985,gac,100.0,X,100.0,False
330,988,acc,66.66666666666666,X,100.0,True
331,991,atc,66.66666666666666,X,100.0,True
332,994,tag,100.0,X,100.0,False
333,997,gac,66.66666666666666,X,100.0,True
334,1000,gct,100.0,X,100.0,False
335,1003,gtg,100.0,X,100.0,False
336,1006,aca,100.0,X,100.0,False
337,1009,tca,66.66666666666666,X,100.0,True
338,1012,agg,75.0,X,100.0,True
339,1015,acc,75.0,X,100.0,True
340,1018,tgc,75.0,X,100.0,True
341,1021,cta,50.0,X,100.0,True
342,1024,aag,75.0,X,100.0,True
343,1027,aaa,50.0,X,100.0,True
344,1030,tca,75.0,X,100.0,True
345,1033,ctg,75.0,X,100.0,True
346,1036,ttg,50.0,X,100.0,True
347,1039,cta,75.0,X,100.0,True
348,1042,cat,100.0,X,100.0,False
349,1045,cac,75.0,X,100.0,True
350,1048,gaa,100.0,X,100.0,False
351,1051,cgc,75.0,X,100.0,True
352,1054,ttt,75.0,X,100.0,True
353,1057,ctt,75.0,X,100.0,True
354,1060,att,75.0,X,100.0,True
355,1063,aca,75.0,X,100.0,True
356,1066,aat,75.0,X,100.0,True
357,1069,tgg,50.0,X,100.0,True
358,1072,cat,100.0,X,100.0,False
359,1075,gcg,100.0,X,100.0,False
360,1078,ttc,75.0,X,100.0,True
361,1081,gca,75.0,X,100.0,True
362,1084,gcg,75.0,X,100.0,True
363,1087,tgt,75.0,X,100.0,True
364,1090,agc,50.0,X,100.0,True
365,1093,agg,50.0,X,100.0,True
366,1096,tga,75.0,X,100.0,True
367,1099,ctc,50.0,X,100.0,True
368,1102,agg,75.0,X,100.0,True
369,1105,ttt,75.0,X,100.0,True
370,1108,tgc,75.0,X,100.0,True
371,1111,tca,100.0,X,100.0,False
372,1114,gca,75.0,X,100.0,True
373,1117,tac,75.0,X,100.0,True
374,1120,agt,50.0,X,100.0,True
375,1123,cgc,75.0,X,100.0,True
376,1126,tac,75.0,X,100.0,True
377,1129,agg,66.66666666666666,X,100.0,True
378,1132,att,100.0,X,100.0,False
379,1135,ggc,66.66666666666666,X,100.0,True
380,1138,aac,100.0,X,100.0,False
381,1141,tat,100.0,X,100.0,False
382,1144,aaa,100.0,X,100.0,False
383,1147,tta,100.0,X,100.0,False
384,1150,aac,50.0,X,100.0,True
385,1153,aca,100.0,X,100.0,False
386,1156,gac,75.0,X,100.0,True
387,1159,cat,50.0,X,100.0,True
388,1162,tcc,50.0,X,100.0,True
389,1165,agt,50.0,X,100.0,True
390,1168,agc,100.0,X,100.0,False
391,1171,agt,66.66666666666666,X,100.0,True
392,1174,gac,100.0,X,100.0,False
393,1177,aat,100.0,X,100.0,False
394,1180,att,100.0,X,100.0,False
395,1183,gct,100.0,X,100.0,False
396,1186,ttg,100.0,X,100.0,False
397,1189,ctt,66.66666666666666,X,100.0,True
398,1192,gta,100.0,X,100.0,False
399,1195,cag,100.0,X,100.0,False
400,1198,taa,100.0,X,100.0,False
401,1201,gtg,100.0,X,100.0,False
402,1204,aca,100.0,X,100.0,False
403,1207,aca,100.0,X,100.0,False
404,1210,gat,100.0,X,100.0,False
405,1213,gtt,100.0,X,100.0,False
406,1216,tca,100.0,X,100.0,False
407,1219,tct,100.0,X,100.0,False
408,1222,cgt,66.66666666666666,X,100.0,True
409,1225,tga,100.0,X,100.0,False
410,1228,ctt,100.0,X,100.0,False
411,1231,tca,66.66666666666666,X,100.0,True
412,1234,ggt,100.0,X,100.0,False
413,1237,tac,100.0,X,100.0,False
414,1240,tat,50.0,X,100.0,True
415,1243,agc,75.0,X,100.0,True
416,1246,aga,100.0,X,100.0,False
417,1249,gat,75.0,X,100.0,True
418,1252,att,75.0,X,100.0,True
419,1255,act,50.0,X,100.0,True
420,1258,aat,50.0,X,100.0,True
421,1261,tat,50.0,X,100.0,True
422,1264,tat,75.0,X,100.0,True
423,1267,gag,75.0,X,100.0,True
424,1270,gac,75.0,X,100.0,True
425,1273,ttt,75.0,X,100.0,True
426,1276,taa,50.0,X,100.0,True
427,1279,agt,50.0,X,100.0,True
428,1282,ttc,50.0,X,100.0,True
429,1285,cat,50.0,X,100.0,True
430,1288,ttg,100.0,X,100.0,False
431,1291,gaa,75.0,X,100.0,True
432,1294,tct,100.0,X,100.0,False
433,1297,tga,75.0,X,100.0,True
434,1300,tta,50.0,X,100.0,True
435,1303,cat,50.0,X,100.0,True
436,1306,cat,50.0,X,100.0,True
437,1309,aaa,50.0,X,100.0,True
438,1312,cct,66.66666666666666,X,100.0,True
439,1315,cat,66.66666666666666,X,100.0,True
440,1318,aat,66.66666666666666,X,100.0,True
441,1321,taa,66.66666666666666,X,100.0,True
442,1324,aaa,50.0,X,100.0,True
443,1327,ttt,50.0,X,100.0,True
444,1330,atc,50.0,X,100.0,True
445,1333,taa,75.0,X,100.0,True
446,1336,gtc,50.0,X,100.0,True
447,1339,act,50.0,X,100.0,True
448,1342,aac,100.0,X,100.0,False
449,1345,tga,50.0,X,100.0,True
450,1348,gaa,75.0,X,100.0,True
451,1351,taa,50.0,X,100.0,True
452,1354,ata,50.0,X,100.0,True
453,1357,ttc,75.0,X,100.0,True
454,1360,tca,50.0,X,100.0,True
455,1363,att,50.0,X,100.0,True
456,1366,aga,75.0,X,100.0,True
457,1369,tga,75.0,X,100.0,True
458,1372,aga,66.66666666666666,X,100.0,True
459,1375,gca,66.66666666666666,X,100.0,True
460,1378,acc,100.0,X,100.0,False
461,1381,aat,66.66666666666666,X,100.0,True
462,1384,gga,100.0,X,100.0,False
463,1387,gat,66.66666666666666,X,100.0,True
464,1390,tga,75.0,X,100.0,True
465,1393,tta,50.0,X,100.0,True
466,1396,tcc,50.0,X,100.0,True
467,1399,ata,50.0,X,100.0,True
468,1402,aaa,100.0,X,100.0,False
469,1405,cgg,100.0,X,100.0,False
470,1408,caa,100.0,X,100.0,False
471,1411,tgt,100.0,X,100.0,False
472,1414,ttc,100.0,X,100.0,False
473,1417,cac,100.0,X,100.0,False
474,1420,tgt,100.0,X,100.0,False
475,1423,ttt,100.0,X,100.0,False
476,1426,cgt,100.0,X,100.0,False
477,1429,gcc,100.0,X,100.0,False
478,1432,tgc,100.0,X,100.0,False
479,1435,aac,100.0,X,100.0,False
480,1438,atg,75.0,X,100.0,True
481,1441,aaa,75.0,X,100.0,True
482,1444,att,75.0,X,100.0,True
483,1447,att,75.0,X,100.0,True
484,1450,ctt,50.0,X,100.0,True
485,1453,ttc,75.0,X,100.0,True
486,1456,ttg,50.0,X,100.0,True
487,1459,cat,100.0,X,100.0,False
488,1462,aat,100.0,X,100.0,False
489,1465,cgc,100.0,X,100.0,False
490,1468,act,50.0,X,100.0,True
491,1471,gat,75.0,X,100.0,True
492,1474,aac,50.0,X,100.0,True
493,1477,act,50.0,X,100.0,True
494,1480,cgc,50.0,X,100.0,True
495,1483,tac,50.0,X,100.0,True
496,1486,ttg,75.0,X,100.0,True
497,1489,tga,50.0,X,100.0,True
498,1492,gct,75.0,X,100.0,True
499,1495,tta,50.0,X,100.0,True
500,1498,tca,75.0,X,100.0,True
501,1501,cta,100.0,X,100.0,False
502,1504,cca,50.0,X,100.0,True
503,1507,aga,50.0,X,100.0,True
504,1510,gtg,75.0,X,100.0,True
505,1513,tgt,75.0,X,100.0,True
506,1516,tag,75.0,X,100.0,True
507,1519,agg,75.0,X,100.0,True
508,1522,tac,75.0,X,100.0,True
509,1525,aac,50.0,X,100.0,True
510,1528,agt,50.0,X,100.0,True
511,1531,act,75.0,X,100.0,True
512,1534,ttt,50.0,X,100.0,True
513,1537,aaa,100.0,X,100.0,False
514,1540,aga,100.0,X,100.0,False
515,1543,acc,100.0,X,100.0,False
516,1546,ttg,100.0,X,100.0,False
517,1549,ctc,75.0,X,100.0,True
518,1552,ttc,50.0,X,100.0,True
519,1555,tgg,50.0,X,100.0,True
520,1558,aac,75.0,X,100.0,True
521,1561,ata,100.0,X,100.0,False
522,1564,cga,75.0,X,100.0,True
523,1567,ggg,100.0,X,100.0,False
524,1570,caa,100.0,X,100.0,False
525,1573,ttc,75.0,X,100.0,True
526,1576,acc,75.0,X,100.0,True
527,1579,att,75.0,X,100.0,True
528,1582,tca,75.0,X,100.0,True
529,1585,tcc,50.0,X,100.0,True
530,1588,ttt,100.0,X,100.0,False
531,1591,gtc,100.0,X,100.0,False
532,1594,caa,100.0,X,100.0,False
533,1597,gaa,100.0,X,100.0,False
534,1600,cga,100.0,X,100.0,False
535,1603,ata,100.0,X,100.0,False
536,1606,ggg,100.0,X,100.0,False
537,1609,tag,50.0,X,100.0,True
538,1612,ctg,75.0,X,100.0,True
539,1615,ata,75.0,X,100.0,True
540,1618,aca,50.0,X,100.0,True
541,1621,aat,75.0,X,100.0,True
542,1624,ttg,75.0,X,100.0,True
543,1627,cac,75.0,X,100.0,True
544,1630,tga,50.0,X,100.0,True
545,1633,ctt,75.0,X,100.0,True
546,1636,gct,50.0,X,100.0,True
547,1639,tta,50.0,X,100.0,True
548,1642,gca,75.0,X,100.0,True
549,1645,ctc,50.0,X,100.0,True
550,1648,aat,50.0,X,100.0,True
551,1651,ttg,75.0,X,100.0,True
552,1654,ctt,75.0,X,100.0,True
553,1657,ttg,75.0,X,100.0,True
554,1660,ctt,75.0,X,100.0,True
555,1663,gtc,50.0,X,100.0,True
556,1666,ctg,75.0,X,100.0,True
557,1669,acg,75.0,X,100.0,True
558,1672,gcg,50.0,X,100.0,True
559,1675,taa,50.0,X,100.0,True
560,1678,aac,50.0,X,100.0,True
561,1681,acg,75.0,X,100.0,True
562,1684,tct,50.0,X,100.0,True
563,1687,atc,75.0,X,100.0,True
564,1690,aga,100.0,X,100.0,False
565,1693,tta,100.0,X,100.0,False
566,1696,tac,50.0,X,100.0,True
567,1699,gtg,100.0,X,100.0,False
568,1702,cca,50.0,X,100.0,True
569,1705,gat,75.0,X,100.0,True
570,1708,cag,75.0,X,100.0,True
571,1711,ttt,50.0,X,100.0,True
572,1714,cac,75.0,X,100.0,True
573,1717,cta,50.0,X,100.0,True
574,1720,aac,75.0,X,100.0,True
575,1723,tgt,50.0,X,100.0,True
576,1726,tca,75.0,X,100.0,True
577,1729,tca,75.0,X,100.0,True
578,1732,gac,75.0,X,100.0,True
579,1735,aag,75.0,X,100.0,True
580,1738,agg,75.0,X,100.0,True
581,1741,aag,50.0,X,100.0,True
582,1744,ttc,100.0,X,100.0,False
583,1747,aac,100.0,X,100.0,False
584,1750,aag,100.0,X,100.0,False
585,1753,aac,66.66666666666666,X,100.0,True
586,1756,ttt,66.66666666666666,X,100.0,True
587,1759,act,100.0,X,100.0,False
588,1762,ctc,66.66666666666666,X,100.0,True
589,1765,caa,66.66666666666666,X,100.0,True
590,1768,ttt,50.0,X,100.0,True
591,1771,ttc,75.0,X,100.0,True
592,1774,tta,50.0,X,100.0,True
593,1777,ttg,75.0,X,100.0,True
594,1780,ttg,75.0,X,100.0,True
595,1783,cgg,50.0,X,100.0,True
596,1786,caa,50.0,X,100.0,True
597,1789,tag,75.0,X,100.0,True
598,1792,tgt,50.0,X,100.0,True
599,1795,tta,50.0,X,100.0,True
600,1798,taa,100.0,X,100.0,False
601,1801,cac,50.0,X,100.0,True
602,1804,ttt,75.0,X,100.0,True
603,1807,agg,100.0,X,100.0,False
604,1810,ata,100.0,X,100.0,False
605,1813,gta,100.0,X,100.0,False
606,1816,aac,100.0,X,100.0,False
607,1819,ctt,75.0,X,100.0,True
608,1822,cac,75.0,X,100.0,True
609,1825,act,50.0,X,100.0,True
610,1828,caa,50.0,X,100.0,True
611,1831,aag,50.0,X,100.0,True
612,1834,aaa,75.0,X,100.0,True
613,1837,gac,50.0,X,100.0,True
614,1840,aga,75.0,X,100.0,True
615,1843,atg,75.0,X,100.0,True
616,1846,att,50.0,X,100.0,True
617,1849,gaa,75.0,X,100.0,True
618,1852,ctt,50.0,X,100.0,True
619,1855,tca,50.0,X,100.0,True
620,1858,tta,75.0,X,100.0,True
621,1861,att,75.0,X,100.0,True
622,1864,gac,75.0,X,100.0,True
623,1867,ttc,75.0,X,100.0,True
624,1870,tat,100.0,X,100.0,False
625,1873,gac,100.0,X,100.0,False
626,1876,gca,100.0,X,100.0,False
627,1879,act,100.0,X,100.0,False
628,1882,cac,100.0,X,100.0,False
629,1885,tga,100.0,X,100.0,False
630,1888,ggc,100.0,X,100.0,False
631,1891,gca,100.0,X,100.0,False
632,1894,gat,100.0,X,100.0,False
633,1897,tat,100.0,X,100.0,False
634,1900,tgt,75.0,X,100.0,True
635,1903,gct,75.0,X,100.0,True
636,1906,ttt,75.0,X,100.0,True
637,1909,taa,100.0,X,100.0,False
638,1912,aga,100.0,X,100.0,False
639,1915,ctg,100.0,X,100.0,False
640,1918,gaa,100.0,X,100.0,False
641,1921,ctt,100.0,X,100.0,False
642,1924,tct,75.0,X,100.0,True
643,1927,gct,75.0,X,100.0,True
644,1930,att,75.0,X,100.0,True
645,1933,cct,100.0,X,100.0,False
646,1936,tgt,75.0,X,100.0,True
647,1939,ttt,75.0,X,100.0,True
648,1942,aat,75.0,X,100.0,True
649,1945,tat,50.0,X,100.0,True
650,1948,gct,75.0,X,100.0,True
651,1951,tat,75.0,X,100.0,True
652,1954,tat,100.0,X,100.0,False
653,1957,ctt,66.66666666666666,X,100.0,True
654,1960,ttg,100.0,X,100.0,False
655,1963,gtt,100.0,X,100.0,False
656,1966,ctc,66.66666666666666,X,100.0,True
657,1969,act,100.0,X,100.0,False
658,1972,tga,50.0,X,100.0,True
659,1975,act,75.0,X,100.0,True
660,1978,gca,50.0,X,100.0,True
661,1981,aga,50.0,X,100.0,True
662,1984,tca,50.0,X,100.0,True
663,1987,taa,50.0,X,100.0,True
664,1990,tga,50.0,X,100.0,True
665,1993,aac,25.0,X,100.0,True
666,1996,ttg,75.0,X,100.0,True
667,1999,tag,100.0,X,100.0,False
668,2002,tat,100.0,X,100.0,False
669,2005,gac,100.0,X,100.0,False
670,2008,tgt,100.0,X,100.0,False
671,2011,caa,50.0,X,100.0,True
672,2014,cgc,50.0,X,100.0,True
673,2017,cta,100.0,X,100.0,False
674,2020,aac,100.0,X,100.0,False
675,2023,gaa,100.0,X,100.0,False
676,2026,cat,100.0,X,100.0,False
677,2029,gaa,75.0,X,100.0,True
678,2032,att,50.0,X,100.0,True
679,2035,tct,75.0,X,100.0,True
680,2038,tgt,75.0,X,100.0,True
681,2041,ttt,75.0,X,100.0,True
682,2044,ctt,50.0,X,100.0,True
683,2047,agg,100.0,X,100.0,False
684,2050,aat,100.0,X,100.0,False
685,2053,cat,100.0,X,100.0,False
686,2056,cac,100.0,X,100.0,False
687,2059,aac,66.66666666666666,X,100.0,True
688,2062,tgt,66.66666666666666,X,100.0,True
689,2065,agc,50.0,X,100.0,True
690,2068,tgc,50.0,X,100.0,True
691,2071,att,75.0,X,100.0,True
692,2074,tca,50.0,X,100.0,True
693,2077,cca,50.0,X,100.0,True
694,2080,tgc,50.0,X,100.0,True
695,2083,agt,100.0,X,100.0,False
696,2086,tgc,100.0,X,100.0,False
697,2089,ata,100.0,X,100.0,False
698,2092,tgc,100.0,X,100.0,False
699,2095,aat,50.0,X,100.0,True
700,2098,gta,75.0,X,100.0,True
701,2101,gtt,50.0,X,100.0,True
702,2104,tac,50.0,X,100.0,True
703,2107,agt,50.0,X,100.0,True
704,2110,cat,50.0,X,100.0,True
705,2113,gta,50.0,X,100.0,True
706,2116,ctc,50.0,X,100.0,True
707,2119,aac,50.0,X,100.0,True
708,2122,atc,100.0,X,100.0,False
709,2125,aac,75.0,X,100.0,True
710,2128,cat,50.0,X,100.0,True
711,2131,atg,75.0,X,100.0,True
712,2134,tag,50.0,X,100.0,True
713,2137,ttg,75.0,X,100.0,True
714,2140,atg,50.0,X,100.0,True
715,2143,acc,50.0,X,100.0,True
716,2146,cgt,50.0,X,100.0,True
717,2149,gtc,100.0,X,100.0,False
718,2152,cta,100.0,X,100.0,False
719,2155,ttc,100.0,X,100.0,False
720,2158,act,100.0,X,100.0,False
721,2161,tct,100.0,X,100.0,False
722,2164,att,100.0,X,100.0,False
723,2167,cta,100.0,X,100.0,False
724,2170,aat,100.0,X,100.0,False
725,2173,ggt,66.66666666666666,X,100.0,True
726,2176,ata,50.0,X,100.0,True
727,2179,tta,50.0,X,100.0,True
728,2182,gag,50.0,X,100.0,True
729,2185,tag,75.0,X,100.0,True
730,2188,gag,50.0,X,100.0,True
731,2191,cta,50.0,X,100.0,True
732,2194,gaa,50.0,X,100.0,True
733,2197,aat,50.0,X,100.0,True
734,2200,cag,50.0,X,100.0,True
735,2203,cac,75.0,X,100.0,True
736,2206,ctt,50.0,X,100.0,True
737,2209,ttt,100.0,X,100.0,False
738,2212,cct,100.0,X,100.0,False
739,2215,gct,50.0,X,100.0,True
740,2218,ttg,100.0,X,100.0,False
741,2221,tgc,100.0,X,100.0,False
742,2224,tct,100.0,X,100.0,False
743,2227,agg,100.0,X,100.0,False
744,2230,aaa,50.0,X,100.0,True
745,2233,ggt,50.0,X,100.0,True
746,2236,ttg,50.0,X,100.0,True
747,2239,aat,50.0,X,100.0,True
748,2242,tgt,75.0,X,100.0,True
749,2245,gcg,50.0,X,100.0,True
750,2248,tgg,50.0,X,100.0,True
751,2251,atg,75.0,X,100.0,True
752,2254,agg,50.0,X,100.0,True
753,2257,cac,50.0,X,100.0,True
754,2260,tat,50.0,X,100.0,True
755,2263,ggt,100.0,X,100.0,False
756,2266,ggt,100.0,X,100.0,False
757,2269,cat,100.0,X,100.0,False
758,2272,tca,100.0,X,100.0,False
759,2275,atc,100.0,X,100.0,False
760,2278,ctg,100.0,X,100.0,False
761,2281,aga,100.0,X,100.0,False
762,2284,cta,100.0,X,100.0,False
763,2287,att,100.0,X,100.0,False
764,2290,gcc,100.0,X,100.0,False
765,2293,ttc,75.0,X,100.0,True
766,2296,taa,50.0,X,100.0,True
767,2299,atc,50.0,X,100.0,True
768,2302,acc,50.0,X,100.0,True
769,2305,cat,75.0,X,100.0,True
770,2308,tca,50.0,X,100.0,True
771,2311,gta,50.0,X,100.0,True
772,2314,cat,66.66666666666666,X,100.0,True
773,2317,cga,66.66666666666666,X,100.0,True
774,2320,ctg,100.0,X,100.0,False
775,2323,tcg,100.0,X,100.0,False
776,2326,tat,66.66666666666666,X,100.0,True
777,2329,cgg,66.66666666666666,X,100.0,True
778,2332,taa,66.66666666666666,X,100.0,True
779,2335,tta,66.66666666666666,X,100.0,True
780,2338,tac,66.66666666666666,X,100.0,True
781,2341,agt,66.66666666666666,X,100.0,True
782,2344,ttc,66.66666666666666,X,100.0,True
783,2347,ctg,66.66666666666666,X,100.0,True
784,2350,ttt,66.66666666666666,X,100.0,True
785,2353,gtg,100.0,X,100.0,False
786,2356,taa,100.0,X,100.0,False
787,2359,ctg,100.0,X,100.0,False
788,2362,ctt,66.66666666666666,X,100.0,True
789,2365,tta,75.0,X,100.0,True
790,2368,caa,50.0,X,100.0,True
791,2371,tta,50.0,X,100.0,True
792,2374,att,50.0,X,100.0,True
793,2377,gcc,75.0,X,100.0,True
794,2380,agg,66.66666666666666,X,100.0,True
795,2383,aac,66.66666666666666,X,100.0,True
796,2386,cta,50.0,X,100.0,True
797,2389,aat,50.0,X,100.0,True
798,2392,tgg,50.0,X,100.0,True
799,2395,gta,50.0,X,100.0,True
800,2398,gtc,50.0,X,100.0,True
801,2401,ttg,50.0,X,100.0,True
802,2404,tag,75.0,X,100.0,True
803,2407,tgc,50.0,X,100.0,True
804,2410,gtt,50.0,X,100.0,True
805,2413,gtt,75.0,X,100.0,True
806,2416,cgt,50.0,X,100.0,True
807,2419,acc,50.0,X,100.0,True
808,2422,tct,50.0,X,100.0,True
809,2425,atg,75.0,X,100.0,True
810,2428,aag,75.0,X,100.0,True
811,2431,act,50.0,X,100.0,True
812,2434,ttt,50.0,X,100.0,True
813,2437,aat,100.0,X,100.0,False
814,2440,gaa,100.0,X,100.0,False
815,2443,gtc,100.0,X,100.0,False
816,2446,act,50.0,X,100.0,True
817,2449,gct,50.0,X,100.0,True
818,2452,gag,50.0,X,100.0,True
819,2455,tat,50.0,X,100.0,True
820,2458,cat,50.0,X,100.0,True
821,2461,gac,75.0,X,100.0,True
822,2464,gtt,50.0,X,100.0,True
823,2467,cgt,50.0,X,100.0,True
824,2470,gtt,75.0,X,100.0,True
825,2473,gtt,75.0,X,100.0,True
826,2476,tta,100.0,X,100.0,False
827,2479,gat,50.0,X,100.0,True
828,2482,atg,100.0,X,100.0,False
829,2485,gtg,100.0,X,100.0,False
830,2488,aag,100.0,X,100.0,False
831,2491,cat,50.0,X,100.0,True
832,2494,cta,66.66666666666666,X,100.0,True
833,2497,aac,75.0,X,100.0,True
834,2500,gaa,75.0,X,100.0,True
835,2503,caa,75.0,X,100.0,True
836,2506,act,75.0,X,100.0,True
837,2509,aat,100.0,X,100.0,False
838,2512,tcc,100.0,X,100.0,False
839,2515,ggc,100.0,X,100.0,False
840,2518,gtt,100.0,X,100.0,False
841,2521,gcc,100.0,X,100.0,False
842,2524,att,100.0,X,100.0,False
843,2527,tac,100.0,X,100.0,False
844,2530,cat,100.0,X,100.0,False
845,2533,aga,100.0,X,100.0,False
846,2536,tat,100.0,X,100.0,False
847,2539,aag,100.0,X,100.0,False
848,2542,gca,100.0,X,100.0,False
849,2545,ggt,100.0,X,100.0,False
850,2548,aat,100.0,X,100.0,False
851,2551,tac,100.0,X,100.0,False
852,2554,agg,100.0,X,100.0,False
853,2557,agt,100.0,X,100.0,False
854,2560,ccg,100.0,X,100.0,False
855,2563,cct,100.0,X,100.0,False
856,2566,att,100.0,X,100.0,False
857,2569,acg,100.0,X,100.0,False
858,2572,gcg,100.0,X,100.0,False
859,2575,gat,100.0,X,100.0,False
860,2578,att,100.0,X,100.0,False
861,2581,gaa,100.0,X,100.0,False
862,2584,ctt,100.0,X,100.0,False
863,2587,gca,100.0,X,100.0,False
864,2590,ttg,100.0,X,100.0,False
865,2593,ctt,100.0,X,100.0,False
866,2596,cga,100.0,X,100.0,False
867,2599,gct,100.0,X,100.0,False
868,2602,tag,100.0,X,100.0,False
869,2605,gct,100.0,X,100.0,False
870,2608,ctt,100.0,X,100.0,False
871,2611,tag,100.0,X,100.0,False
872,2614,taa,100.0,X,100.0,False
873,2617,gag,100.0,X,100.0,False
874,2620,tgt,75.0,X,100.0,True
875,2623,ctg,75.0,X,100.0,True
876,2626,aat,100.0,X,100.0,False
877,2629,tga,100.0,X,100.0,False
878,2632,ttt,100.0,X,100.0,False
879,2635,taa,100.0,X,100.0,False
880,2638,tgg,75.0,X,100.0,True
881,2641,acc,75.0,X,100.0,True
882,2644,cca,75.0,X,100.0,True
883,2647,atc,50.0,X,100.0,True
884,2650,aaa,50.0,X,100.0,True
885,2653,tca,50.0,X,100.0,True
886,2656,gcg,50.0,X,100.0,True
887,2659,aaa,50.0,X,100.0,True
888,2662,tgc,75.0,X,100.0,True
889,2665,acc,50.0,X,100.0,True
890,2668,ccg,75.0,X,100.0,True
891,2671,ctg,100.0,X,100.0,False
892,2674,cac,100.0,X,100.0,False
893,2677,ctc,100.0,X,100.0,False
894,2680,gtg,100.0,X,100.0,False
895,2683,ctg,100.0,X,100.0,False
896,2686,tta,75.0,X,100.0,True
897,2689,cgt,50.0,X,100.0,True
898,2692,ttg,100.0,X,100.0,False
899,2695,gtg,75.0,X,100.0,True
900,2698,gac,75.0,X,100.0,True
901,2701,cct,50.0,X,100.0,True
902,2704,cag,75.0,X,100.0,True
903,2707,att,75.0,X,100.0,True
904,2710,caa,75.0,X,100.0,True
905,2713,ctg,75.0,X,100.0,True
906,2716,gca,50.0,X,100.0,True
907,2719,gta,50.0,X,100.0,True
908,2722,acc,100.0,X,100.0,False
909,2725,tat,100.0,X,100.0,False
910,2728,ctc,100.0,X,100.0,False
911,2731,aga,75.0,X,100.0,True
912,2734,atg,75.0,X,100.0,True
913,2737,gag,100.0,X,100.0,False
914,2740,aac,50.0,X,100.0,True
915,2743,gca,75.0,X,100.0,True
916,2746,gtg,66.66666666666666,X,100.0,True
917,2749,ggg,100.0,X,100.0,False
918,2752,cgc,66.66666666666666,X,100.0,True
919,2755,gat,66.66666666666666,X,100.0,True
920,2758,caa,100.0,X,100.0,False
921,2761,aac,100.0,X,100.0,False
922,2764,aac,50.0,X,100.0,True
923,2767,gtc,66.66666666666666,X,100.0,True
924,2770,ggc,66.66666666666666,X,100.0,True
925,2773,ccc,100.0,X,100.0,False
926,2776,aag,100.0,X,100.0,False
927,2779,gtt,75.0,X,100.0,True
928,2782,tac,75.0,X,100.0,True
929,2785,cca,75.0,X,100.0,True
930,2788,ata,100.0,X,100.0,False
931,2791,ata,75.0,X,100.0,True
932,2794,ctg,100.0,X,100.0,False
933,2797,cgt,75.0,X,100.0,True
934,2800,ctt,100.0,X,100.0,False
935,2803,ggt,100.0,X,100.0,False
936,2806,tca,75.0,X,100.0,True
937,2809,ccg,50.0,X,100.0,True
938,2812,ctc,75.0,X,100.0,True
939,2815,tca,75.0,X,100.0,True
940,2818,ctc,75.0,X,100.0,True
941,2821,aac,75.0,X,100.0,True
942,2824,atg,75.0,X,100.0,True
943,2827,gca,75.0,X,100.0,True
944,2830,agg,75.0,X,100.0,True
945,2833,aag,50.0,X,100.0,True
946,2836,acc,25.0,X,100.0,True
947,2839,tta,100.0,X,100.0,False
948,2842,aat,50.0,X,100.0,True
949,2845,tcc,75.0,X,100.0,True
950,2848,ctc,75.0,X,100.0,True
951,2851,gag,75.0,X,100.0,True
952,2854,gac,50.0,X,100.0,True
953,2857,aag,50.0,X,100.0,True
954,2860,gcg,75.0,X,100.0,True
955,2863,ttc,75.0,X,100.0,True
956,2866,caa,75.0,X,100.0,True
957,2869,tta,75.0,X,100.0,True
958,2872,aca,75.0,X,100.0,True
959,2875,cca,100.0,X,100.0,False
960,2878,ata,75.0,X,100.0,True
961,2881,gca,50.0,X,100.0,True
962,2884,gtc,75.0,X,100.0,True
963,2887,cag,75.0,X,100.0,True
964,2890,atg,75.0,X,100.0,True
965,2893,acc,75.0,X,100.0,True
966,2896,aaa,75.0,X,100.0,True
967,2899,ttg,75.0,X,100.0,True
968,2902,gct,75.0,X,100.0,True
969,2905,act,75.0,X,100.0,True
970,2908,acc,75.0,X,100.0,True
971,2911,gaa,75.0,X,100.0,True
972,2914,gag,75.0,X,100.0,True
973,2917,cta,75.0,X,100.0,True
974,2920,cca,50.0,X,100.0,True
975,2923,gac,75.0,X,100.0,True
976,2926,gaa,50.0,X,100.0,True
977,2929,ttc,75.0,X,100.0,True
978,2932,gtg,75.0,X,100.0,True
979,2935,gtg,75.0,X,100.0,True
980,2938,gtg,75.0,X,100.0,True
981,2941,acg,75.0,X,100.0,True
982,2944,gta,66.66666666666666,X,100.0,True
983,2947,aaa,100.0,X,100.0,False
984,2950,tga,75.0,X,100.0,True
985,2953,aag,75.0,X,100.0,True
986,2956,atc,50.0,X,100.0,True
987,2959,tca,75.0,X,100.0,True
988,2962,gtc,50.0,X,100.0,True
989,2965,caa,50.0,X,100.0,True
990,2968,gat,75.0,X,100.0,True
991,2971,ggt,100.0,X,100.0,False
992,2974,att,50.0,X,100.0,True
993,2977,tct,100.0,X,100.0,False
994,2980,act,50.0,X,100.0,True
995,2983,acc,75.0,X,100.0,True
996,2986,tag,75.0,X,100.0,True
997,2989,gaa,100.0,X,100.0,False
998,2992,ctg,100.0,X,100.0,False
999,2995,ggc,50.0,X,100.0,True
1000,2998,cag,75.0,X,100.0,True
1001,3001,aag,100.0,X,100.0,False
1002,3004,ctg,50.0,X,100.0,True
1003,3007,gac,50.0,X,100.0,True
1004,3010,ttc,75.0,X,100.0,True
1005,3013,cct,75.0,X,100.0,True
1006,3016,atg,50.0,X,100.0,True
1007,3019,gtg,50.0,X,100.0,True
1008,3022,cta,75.0,X,100.0,True
1009,3025,aca,75.0,X,100.0,True
1010,3028,aag,75.0,X,100.0,True
1011,3031,acg,50.0,X,100.0,True
1012,3034,gca,100.0,X,100.0,False
1013,3037,tca,50.0,X,100.0,True
1014,3040,tat,75.0,X,100.0,True
1015,3043,ggg,100.0,X,100.0,False
1016,3046,ttg,75.0,X,100.0,True
1017,3049,caa,75.0,X,100.0,True
1018,3052,ctg,75.0,X,100.0,True
1019,3055,agg,75.0,X,100.0,True
1020,3058,gag,75.0,X,100.0,True
1021,3061,cct,75.0,X,100.0,True
1022,3064,tga,75.0,X,100.0,True
1023,3067,ata,75.0,X,100.0,True
1024,3070,cac,75.0,X,100.0,True
1025,3073,caa,50.0,X,100.0,True
1026,3076,aag,75.0,X,100.0,True
1027,3079,atc,50.0,X,100.0,True
1028,3082,aca,100.0,X,100.0,False
1029,3085,ttg,100.0,X,100.0,False
1030,3088,gca,75.0,X,100.0,True
1031,3091,ccc,75.0,X,100.0,True
1032,3094,gca,75.0,X,100.0,True
1033,3097,atc,75.0,X,100.0,True
1034,3100,ctg,50.0,X,100.0,True
1035,3103,cta,50.0,X,100.0,True
1036,3106,aca,75.0,X,100.0,True
1037,3109,atg,75.0,X,100.0,True
1038,3112,ctg,75.0,X,100.0,True
1039,3115,caa,50.0,X,100.0,True
1040,3118,tcg,50.0,X,100.0,True
1041,3121,tgc,75.0,X,100.0,True
1042,3124,tac,75.0,X,100.0,True
1043,3127,aac,75.0,X,100.0,True
1044,3130,ttc,75.0,X,100.0,True
1045,3133,ctc,75.0,X,100.0,True
1046,3136,aag,75.0,X,100.0,True
1047,3139,gaa,75.0,X,100.0,True
1048,3142,caa,75.0,X,100.0,True
1049,3145,cat,75.0,X,100.0,True
1050,3148,tgc,75.0,X,100.0,True
1051,3151,caa,75.0,X,100.0,True
1052,3154,aag,75.0,X,100.0,True
1053,3157,gct,75.0,X,100.0,True
1054,3160,tct,75.0,X,100.0,True
1055,3163,acg,75.0,X,100.0,True
1056,3166,cag,75.0,X,100.0,True
1057,3169,aag,50.0,X,100.0,True
1058,3172,gga,75.0,X,100.0,True
1059,3175,gca,75.0,X,100.0,True
1060,3178,gag,100.0,X,100.0,False
1061,3181,gcg,75.0,X,100.0,True
1062,3184,gca,75.0,X,100.0,True
1063,3187,gtc,100.0,X,100.0,False
1064,3190,aag,75.0,X,100.0,True
1065,3193,cct,75.0,X,100.0,True
1066,3196,ctt,100.0,X,100.0,False
1067,3199,ctc,75.0,X,100.0,True
1068,3202,gtt,50.0,X,100.0,True
1069,3205,cct,100.0,X,100.0,False
1070,3208,cat,100.0,X,100.0,False
1071,3211,cac,75.0,X,100.0,True
1072,3214,gta,75.0,X,100.0,True
1073,3217,gtc,75.0,X,100.0,True
1074,3220,gca,50.0,X,100.0,True
1075,3223,aac,100.0,X,100.0,False
1076,3226,tct,100.0,X,100.0,False
1077,3229,tcc,100.0,X,100.0,False
1078,3232,aga,100.0,X,100.0,False
1079,3235,tct,100.0,X,100.0,False
1080,3238,agt,75.0,X,100.0,True
1081,3241,tca,100.0,X,100.0,False
1082,3244,aga,75.0,X,100.0,True
1083,3247,aat,75.0,X,100.0,True
1084,3250,tca,100.0,X,100.0,False
1085,3253,act,75.0,X,100.0,True
1086,3256,cca,50.0,X,100.0,True
1087,3259,ggc,75.0,X,100.0,True
1088,3262,agc,75.0,X,100.0,True
1089,3265,agt,75.0,X,100.0,True
1090,3268,acc,100.0,X,100.0,False
1091,3271,cgc,100.0,X,100.0,False
1092,3274,gga,75.0,X,100.0,True
1093,3277,act,75.0,X,100.0,True
1094,3280,tct,100.0,X,100.0,False
1095,3283,cct,75.0,X,100.0,True
1096,3286,ggt,100.0,X,100.0,False
1097,3289,cca,100.0,X,100.0,False
1098,3292,tct,100.0,X,100.0,False
1099,3295,aga,50.0,X,100.0,True
1100,3298,atg,75.0,X,100.0,True
1101,3301,gct,75.0,X,100.0,True
1102,3304,ggc,50.0,X,100.0,True
1103,3307,aat,50.0,X,100.0,True
1104,3310,ggc,50.0,X,100.0,True
1105,3313,ggt,75.0,X,100.0,True
1106,3316,gat,75.0,X,100.0,True
1107,3319,gct,66.66666666666666,X,100.0,True
1108,3322,gct,50.0,X,100.0,True
1109,3325,ctt,50.0,X,100.0,True
1110,3328,gct,50.0,X,100.0,True
1111,3331,ttg,50.0,X,100.0,True
1112,3334,ctg,66.66666666666666,X,100.0,True
1113,3337,ctg,75.0,X,100.0,True
1114,3340,ctt,50.0,X,100.0,True
1115,3343,gac,75.0,X,100.0,True
1116,3346,aga,100.0,X,100.0,False
1117,3349,ttg,75.0,X,100.0,True
1118,3352,aac,75.0,X,100.0,True
1119,3355,cag,75.0,X,100.0,True
1120,3358,ctt,100.0,X,100.0,False
1121,3361,gag,100.0,X,100.0,False
1122,3364,agc,100.0,X,100.0,False
1123,3367,aaa,100.0,X,100.0,False
1124,3370,atg,66.66666666666666,X,100.0,True
1125,3373,tct,100.0,X,100.0,False
1126,3376,ggt,75.0,X,100.0,True
1127,3379,aaa,100.0,X,100.0,False
1128,3382,ggc,75.0,X,100.0,True
1129,3385,caa,75.0,X,100.0,True
1130,3388,caa,100.0,X,100.0,False
1131,3391,caa,75.0,X,100.0,True
1132,3394,caa,75.0,X,100.0,True
1133,3397,ggc,75.0,X,100.0,True
1134,3400,caa,75.0,X,100.0,True
1135,3403,act,75.0,X,100.0,True
1136,3406,gtc,75.0,X,100.0,True
1137,3409,act,100.0,X,100.0,False
1138,3412,aag,100.0,X,100.0,False
1139,3415,aaa,100.0,X,100.0,False
1140,3418,tct,75.0,X,100.0,True
1141,3421,gct,100.0,X,100.0,False
1142,3424,gct,100.0,X,100.0,False
1143,3427,gag,75.0,X,100.0,True
1144,3430,gct,75.0,X,100.0,True
1145,3433,tct,75.0,X,100.0,True
1146,3436,aag,50.0,X,100.0,True
1147,3439,aag,100.0,X,100.0,False
1148,3442,cct,75.0,X,100.0,True
1149,3445,cgg,50.0,X,100.0,True
1150,3448,caa,75.0,X,100.0,True
1151,3451,aaa,75.0,X,100.0,True
1152,3454,cgt,75.0,X,100.0,True
1153,3457,act,100.0,X,100.0,False
1154,3460,gcc,75.0,X,100.0,True
1155,3463,act,50.0,X,100.0,True
1156,3466,aaa,100.0,X,100.0,False
1157,3469,gca,50.0,X,100.0,True
1158,3472,tac,75.0,X,100.0,True
1159,3475,aat,50.0,X,100.0,True
1160,3478,gta,50.0,X,100.0,True
1161,3481,aca,50.0,X,100.0,True
1162,3484,caa,100.0,X,100.0,False
1163,3487,gct,75.0,X,100.0,True
1164,3490,ttc,50.0,X,100.0,True
1165,3493,ggc,50.0,X,100.0,True
1166,3496,aga,75.0,X,100.0,True
1167,3499,cgt,75.0,X,100.0,True
1168,3502,ggt,75.0,X,100.0,True
1169,3505,cca,100.0,X,100.0,False
1170,3508,gaa,75.0,X,100.0,True
1171,3511,caa,75.0,X,100.0,True
1172,3514,acc,75.0,X,100.0,True
1173,3517,caa,75.0,X,100.0,True
1174,3520,gga,100.0,X,100.0,False
1175,3523,aat,75.0,X,100.0,True
1176,3526,ttt,75.0,X,100.0,True
1177,3529,ggg,75.0,X,100.0,True
1178,3532,gac,75.0,X,100.0,True
1179,3535,cag,50.0,X,100.0,True
1180,3538,gaa,50.0,X,100.0,True
1181,3541,cta,75.0,X,100.0,True
1182,3544,atc,75.0,X,100.0,True
1183,3547,aga,75.0,X,100.0,True
1184,3550,caa,75.0,X,100.0,True
1185,3553,gga,75.0,X,100.0,True
1186,3556,act,100.0,X,100.0,False
1187,3559,gat,75.0,X,100.0,True
1188,3562,tac,75.0,X,100.0,True
1189,3565,aaa,75.0,X,100.0,True
1190,3568,cat,75.0,X,100.0,True
1191,3571,tgg,100.0,X,100.0,False
1192,3574,ccg,75.0,X,100.0,True
1193,3577,caa,100.0,X,100.0,False
1194,3580,att,100.0,X,100.0,False
1195,3583,gca,75.0,X,100.0,True
1196,3586,caa,75.0,X,100.0,True
1197,3589,ttt,75.0,X,100.0,True
1198,3592,gcc,50.0,X,100.0,True
1199,3595,ccc,50.0,X,100.0,True
1200,3598,agc,50.0,X,100.0,True
1201,3601,gct,50.0,X,100.0,True
1202,3604,tca,50.0,X,100.0,True
1203,3607,gcg,50.0,X,100.0,True
1204,3610,ttc,75.0,X,100.0,True
1205,3613,ttc,50.0,X,100.0,True
1206,3616,gga,75.0,X,100.0,True
1207,3619,atg,100.0,X,100.0,False
1208,3622,tcg,75.0,X,100.0,True
1209,3625,cgc,75.0,X,100.0,True
1210,3628,att,75.0,X,100.0,True
1211,3631,ggc,100.0,X,100.0,False
1212,3634,atg,100.0,X,100.0,False
1213,3637,gaa,100.0,X,100.0,False
1214,3640,gtc,100.0,X,100.0,False
1215,3643,aca,100.0,X,100.0,False
1216,3646,cct,100.0,X,100.0,False
1217,3649,tcg,100.0,X,100.0,False
1218,3652,gga,100.0,X,100.0,False
1219,3655,acg,66.66666666666666,X,100.0,True
1220,3658,tgg,100.0,X,100.0,False
1221,3661,ttg,66.66666666666666,X,100.0,True
1222,3664,acc,66.66666666666666,X,100.0,True
1223,3667,tac,66.66666666666666,X,100.0,True
1224,3670,aca,66.66666666666666,X,100.0,True
1225,3673,ggt,66.66666666666666,X,100.0,True
1226,3676,gcc,100.0,X,100.0,False
1227,3679,atc,66.66666666666666,X,100.0,True
1228,3682,aaa,100.0,X,100.0,False
1229,3685,ttg,100.0,X,100.0,False
1230,3688,gat,100.0,X,100.0,False
1231,3691,gac,100.0,X,100.0,False
1232,3694,aaa,100.0,X,100.0,False
1233,3697,gat,100.0,X,100.0,False
1234,3700,cca,100.0,X,100.0,False
1235,3703,aat,66.66666666666666,X,100.0,True
1236,3706,ttc,100.0,X,100.0,False
1237,3709,aaa,100.0,X,100.0,False
1238,3712,gat,66.66666666666666,X,100.0,True
1239,3715,caa,66.66666666666666,X,100.0,True
1240,3718,gtc,100.0,X,100.0,False
1241,3721,att,66.66666666666666,X,100.0,True
1242,3724,ttg,66.66666666666666,X,100.0,True
1243,3727,ctg,100.0,X,100.0,False
1244,3730,aat,66.66666666666666,X,100.0,True
1245,3733,aag,100.0,X,100.0,False
1246,3736,cat,66.66666666666666,X,100.0,True
1247,3739,att,100.0,X,100.0,False
1248,3742,gac,100.0,X,100.0,False
1249,3745,gca,100.0,X,100.0,False
1250,3748,tac,100.0,X,100.0,False
1251,3751,aaa,100.0,X,100.0,False
1252,3754,aca,75.0,X,100.0,True
1253,3757,ttc,75.0,X,100.0,True
1254,3760,cca,100.0,X,100.0,False
1255,3763,cca,75.0,X,100.0,True
1256,3766,aca,75.0,X,100.0,True
1257,3769,gag,100.0,X,100.0,False
1258,3772,cct,100.0,X,100.0,False
1259,3775,aaa,100.0,X,100.0,False
1260,3778,aag,100.0,X,100.0,False
1261,3781,gac,100.0,X,100.0,False
1262,3784,aaa,100.0,X,100.0,False
1263,3787,aag,100.0,X,100.0,False
1264,3790,aag,66.66666666666666,X,100.0,True
1265,3793,aag,100.0,X,100.0,False
1266,3796,gct,66.66666666666666,X,100.0,True
1267,3799,gat,66.66666666666666,X,100.0,True
1268,3802,gaa,100.0,X,100.0,False
1269,3805,act,66.66666666666666,X,100.0,True
1270,3808,caa,66.66666666666666,X,100.0,True
1271,3811,gcc,66.66666666666666,X,100.0,True
1272,3814,tta,66.66666666666666,X,100.0,True
1273,3817,ccg,100.0,X,100.0,False
1274,3820,cag,100.0,X,100.0,False
1275,3823,aga,100.0,X,100.0,False
1276,3826,cag,66.66666666666666,X,100.0,True
1277,3829,aag,100.0,X,100.0,False
1278,3832,aaa,66.66666666666666,X,100.0,True
1279,3835,cag,100.0,X,100.0,False
1280,3838,caa,66.66666666666666,X,100.0,True
1281,3841,act,100.0,X,100.0,False
1282,3844,gtg,100.0,X,100.0,False
1283,3847,act,100.0,X,100.0,False
1284,3850,ctt,100.0,X,100.0,False
1285,3853,ctt,100.0,X,100.0,False
1286,3856,cct,100.0,X,100.0,False
1287,3859,gct,66.66666666666666,X,100.0,True
1288,3862,gca,66.66666666666666,X,100.0,True
1289,3865,gat,66.66666666666666,X,100.0,True
1290,3868,ttg,66.66666666666666,X,100.0,True
1291,3871,gat,100.0,X,100.0,False
1292,3874,gat,100.0,X,100.0,False
1293,3877,ttc,100.0,X,100.0,False
1294,3880,tcc,100.0,X,100.0,False
1295,3883,aaa,66.66666666666666,X,100.0,True
1296,3886,caa,100.0,X,100.0,False
1297,3889,ttg,66.66666666666666,X,100.0,True
1298,3892,caa,100.0,X,100.0,False
1299,3895,caa,66.66666666666666,X,100.0,True
1300,3898,tcc,100.0,X,100.0,False
1301,3901,atg,100.0,X,100.0,False
1302,3904,agc,66.66666666666666,X,100.0,True
1303,3907,gga,100.0,X,100.0,False
1304,3910,gct,100.0,X,100.0,False
1305,3913,tct,100.0,X,100.0,False
1306,3916,gct,100.0,X,100.0,False
1307,3919,gac,66.66666666666666,X,100.0,True
1308,3922,tca,100.0,X,100.0,False
1309,3925,act,100.0,X,100.0,False
1310,3928,cag,100.0,X,100.0,False
1311,3931,gcc,66.66666666666666,X,100.0,True
1312,3934,taa,100.0,X,100.0,False
1313,3937,aca,100.0,X,100.0,False
1314,3940,ctc,100.0,X,100.0,False
1315,3943,atg,100.0,X,100.0,False
1316,3946,atg,66.66666666666666,X,100.0,True
1317,3949,acc,66.66666666666666,X,100.0,True
1318,3952,aca,66.66666666666666,X,100.0,True
1319,3955,caa,100.0,X,100.0,False
1320,3958,ggc,100.0,X,100.0,False
1321,3961,aga,100.0,X,100.0,False
1322,3964,tgg,100.0,X,100.0,False
1323,3967,gct,100.0,X,100.0,False
1324,3970,atg,50.0,X,100.0,True
1325,3973,taa,100.0,X,100.0,False
1326,3976,acg,100.0,X,100.0,False
1327,3979,ttt,100.0,X,100.0,False
1328,3982,tcg,100.0,X,100.0,False
1329,3985,caa,100.0,X,100.0,False
1330,3988,ttc,100.0,X,100.0,False
1331,3991,cgt,100.0,X,100.0,False
1332,3994,tta,100.0,X,100.0,False
1333,3997,cga,100.0,X,100.0,False
1334,4000,tac,100.0,X,100.0,False
1335,4003,ata,100.0,X,100.0,False
1336,4006,gtc,100.0,X,100.0,False
1337,4009,tac,100.0,X,100.0,False
1338,4012,tct,100.0,X,100.0,False
1339,4015,tgt,100.0,X,100.0,False
1340,4018,gca,100.0,X,100.0,False
1341,4021,gaa,100.0,X,100.0,False
1342,4024,tga,100.0,X,100.0,False
1343,4027,att,100.0,X,100.0,False
1344,4030,ctc,100.0,X,100.0,False
1345,4033,gta,100.0,X,100.0,False
1346,4036,act,100.0,X,100.0,False
1347,4039,aaa,100.0,X,100.0,False
1348,4042,cag,100.0,X,100.0,False
1349,4045,cac,100.0,X,100.0,False
1350,4048,aag,100.0,X,100.0,False
1351,4051,tag,100.0,X,100.0,False
1352,4054,gtt,100.0,X,100.0,False
1353,4057,tag,100.0,X,100.0,False
1354,4060,tta,100.0,X,100.0,False
1355,4063,act,100.0,X,100.0,False
1356,4066,tta,100.0,X,100.0,False
1357,4069,atc,100.0,X,100.0,False
1358,4072,tca,100.0,X,100.0,False
1359,4075,cat,100.0,X,100.0,False
1360,4078,agc,100.0,X,100.0,False
